index,m12,m23,m34,m13,m24,m14,m12_err,m23_err,m34_err,m13_err,m24_err,m14_err,corr12,corr23,corr34,corr13,corr24,corr14,corr12_err,corr23_err,corr34_err,corr13_err,corr24_err,corr14_err
0,1.3322676295501875e-15,0.25097554772240716,6.661338147750928e-15,0.07512172132969251,0.14169638181391936,0.022162630696806917,6.689711165990617e-15,0.03462280285183207,1.0503995382110101e-15,0.22173582298828617,0.04820508906093984,0.7154813514246519,750599937895082.9,3.9844519080641887,150119987579016.78,13.31172904852942,7.0573432235781075,45.1209973076019,3768985055520666.0,0.549666667280655,23671815201647.047,39.29206018880277,2.400907166937864,1456.6516300757694
1,0.010075703835363794,2.664535259100374e-15,0.09341785768483632,0.0,5.329070518200744e-15,1.7763568394002497e-15,0.642648804362088,2.6079065206806517e-15,0.19368898953671387,7.209349839362451e-17,6.004722110054044e-15,7.962176497688065e-16,99.24864965663156,375299968947541.56,10.704591443037566,inf,187649984473770.9,562949953421312.2,6330.279956475429,367323807364438.4,22.194487771280265,inf,211441377417048.56,252331445410434.66
2,8.88178419700125e-16,0.19540884846012185,0.29394504348830336,0.06721133728551494,0.22537817997610593,0.09313416631427451,4.049175705602902e-15,0.07140506876984487,0.07708879733292631,0.0573960438316398,0.032970198102462156,0.03335132076569235,1125899906842624.2,5.117475528259281,3.4019964689072633,14.878442244825191,4.4369867575735045,10.737198168774844,5132940013637085.0,1.8699956266203788,0.8921933610673678,12.705649935260997,0.6490793935362723,3.8449878752683797
3,0.033155169924357325,1.3322676295501875e-15,0.28491756811612834,0.0,5.773159728050805e-15,2.220446049250312e-15,0.06702815460584274,1.048456684776289e-15,0.2314152305101331,8.356067640378678e-17,3.3476572876338253e-15,9.136083350665747e-16,30.16120871289378,750599937895082.9,3.509787081968965,inf,173215370283480.88,450359962737049.8,60.975412441537145,590700775897761.4,2.850712899122763,inf,100441651361596.16,185301784691305.25
4,1.7763568394002497e-15,0.23264426912438857,4.4408920985006214e-15,0.08540185589083275,0.12752508787129885,0.04922001331477911,2.4224753209342293e-14,0.04375671750042603,1.0034287432598206e-15,0.12263543396098622,0.041493118417462574,0.19301247451937964,562949953421312.2,4.298408053478967,225179981368525.03,11.709347409010375,7.841594283073321,20.316938835523104,7677130736550878.0,0.8084627556291609,50879881947182.89,16.814399241387903,2.551436784718249,79.67130391095864
5,2.664535259100374e-15,0.14931460084131493,0.20766863368065586,0.0558484529145449,0.1664773935123478,0.07188009102130914,1.9573344462695897e-14,0.11512253646927229,0.18099905845601158,0.013772286804292565,0.09493099466632827,0.018457548951287178,375299968947541.56,6.697268682134821,4.8153636987748385,17.90559895240294,6.006821580407727,13.91205806491739,2756906872956708.0,5.163638075307674,4.196956854552126,4.415539398243746,3.4252911784624773,3.5723729491416214
6,0.08453801580117462,0.07013630742751512,0.07102444505874732,0.08238464504882076,0.07036642739307883,0.081821091318528,0.00859134818904971,0.010908439968435527,0.005153343646022566,0.005966781798691981,0.009017210080601364,0.00585684111640844,11.828997765359254,14.25795050635487,14.07965946334192,12.138184238184246,14.21132260152743,12.221787608613267,1.2021460116678093,2.21756751782573,1.0215824083322207,0.8791188787503836,1.8211309877269042,0.8748486121197478
7,0.1156605112096719,0.15714127476602077,1.2434497875801715e-14,0.12344988423514004,0.06605602004556388,0.10707290927860663,0.09146288318461768,0.07134341436400597,7.330479578020544e-15,0.06659217803986607,0.14745944262256214,0.0754955840244522,8.645993256827113,6.363700444004758,80421421917330.53,8.100453120678988,15.13866562518032,9.339430550056063,6.837143144133382,2.889171659966781,47410647127747.836,4.369601638413655,33.794636637184865,6.585099523144934
8,0.1482179132190028,8.437694987151172e-15,0.36029481576059014,0.13207888007198926,0.17002427414242863,0.15325758705825168,0.04305774205325952,1.851171386925105e-14,0.0586326697057484,0.03579750911435806,0.043089819372220374,0.030742195537833136,6.746822825136034,118515779667644.88,2.7755048262045583,7.57123318622139,5.8815131253688175,6.524962445219172,1.9599719802728006,260015348449965.97,0.4516724932553493,2.0520410897106753,1.4905715050733614,1.308853122499591
9,0.18297481240246796,0.13885572925817258,0.5070979229198285,0.17579799488386313,0.2778139522366279,0.20827177131244723,0.016472893650462877,0.09393843988222932,0.039282318272359916,0.011967112403167425,0.022049382887698084,0.00539018260791463,5.465233093396586,7.201719405763327,1.9720057109326767,5.688347018182015,3.599531240058996,4.8014188082157805,0.49202511723027686,4.872094864657268,0.1527613355734764,0.3872233480238346,0.28568558882417217,0.12426323543642018
10,0.21856510450727507,0.22279298347405257,5.773159728050805e-15,0.21937113421022963,0.16584491029333678,0.20697763412600745,0.0674310645645351,0.025941030482016614,5.723103846865659e-15,0.052420293894326016,0.058528993197221164,0.05835050079964898,4.575295778593579,4.48847169424644,173215370283480.88,4.558484887267216,6.029729813421819,4.831439900367219,1.4115568253390574,0.5226178096927198,171713515423615.7,1.0892824088441446,2.1279761592118422,1.362064741730515
11,0.2469216936725709,0.18372492158356332,0.3604448955746376,0.23559222197574106,0.24178129140848936,0.24563260644225124,0.02190993469299838,0.1062535832404541,0.003594650782887465,0.0016601132386972492,0.06146955499175663,0.0017793082557848439,4.049866923908453,5.442919726843762,2.7743491786886167,4.2446223037998685,4.1359693058736315,4.071120746076935,0.35935408711326683,3.1478022648346182,0.027668075119435705,0.029909958914235132,1.051513089414701,0.029490297964552485
12,0.281040476231737,0.31550494571139104,0.21670512884085413,0.2884949524446728,0.29101717133175514,0.2837300894328765,0.010610502660836766,0.04635614435747518,0.16265593733646452,0.011799376367737107,0.022243907862697206,0.007355852564125384,3.5582063246129425,3.1695224230011045,4.6145654482150675,3.4662651513522706,3.436223352126584,3.524476385281566,0.13433779426128215,0.4656879107032934,3.463630382883586,0.1417694374358954,0.26264785438800614,0.09137391352356414
13,0.3194279171636404,0.34952992372898445,0.2801237659322896,0.3262810940224641,0.33115554480616005,0.32278926794832113,0.020363396499294143,0.04170423103682629,0.028428454787028257,0.006521042190098929,0.03593748130368531,0.00738709643729017,3.1305967520919844,2.860985375247504,3.569850621820199,3.0648419976523407,3.019728993471464,3.0979964307862335,0.1995742373062312,0.341359028175272,0.3622874933910137,0.06125382174703014,0.32770538179754655,0.07089826295049745
14,0.3526511951439336,0.45075834048303887,0.3128630454312752,0.3769660259023106,0.41343661954908206,0.3716262664638158,0.03411492184206278,0.04513406779352838,0.12086507442548766,0.025721714571765527,0.026059344268779736,0.02115660689784647,2.835663153195476,2.2184836312255167,3.1962867286595666,2.6527589524981394,2.418750426826385,2.6908754580655216,0.27431759249305093,0.22213497037739927,1.2347876778227473,0.1810070508092295,0.1524563792672067,0.153190986253653
15,0.40949935396124204,0.4081322845302366,0.5937213062769259,0.4091501655783823,0.46692298516189934,0.42883440365504033,0.029261057158579018,0.020946457000471392,0.04049459013955436,0.023017662758528123,0.01058314798094426,0.019075839127862638,2.442006294580497,2.4501859762233895,1.6842919218627064,2.4440904199229183,2.1416808162769354,2.331902458097584,0.17449523442738507,0.125750197030343,0.11487664385650376,0.1374978034228798,0.04854274843366142,0.10373000807164628
16,0.4545457173130284,0.4332524397389987,0.37454507484829835,0.4487834148619675,0.41658382609714173,0.44157735603182735,0.019405374729339033,0.033097808124335326,0.08287323892301202,0.0120558996118258,0.028456068937319064,0.012429279666165461,2.199998728205678,2.308123182416291,2.6699056192503106,2.228246336392735,2.4004772565673576,2.264608876203162,0.09392190509959253,0.1763263428244421,0.5907532661473164,0.05985852696947782,0.1639721516202569,0.06374298109339874
17,0.49633811356757007,0.4949646188124912,0.41092386686011667,0.4959412709717972,0.4704442856044796,0.48688528823403243,0.016321610772455582,0.007594760163634733,0.02564710276631776,0.011024207984796305,0.008562053911222601,0.011031951267110759,2.0147556124840347,2.0203464287996566,2.4335408104694287,2.0163677808876432,2.1256502217156017,2.0538718752975083,0.06625333821781555,0.031000289699499018,0.15188524270697537,0.04482155265439011,0.038686689054679334,0.04653706937696649
18,0.5351929643791276,0.5466592410153652,0.598004744562056,0.5386844032593305,0.5630073919114271,0.5460752870309766,0.016427017173234616,0.015560436699389375,0.03152169641197939,0.009988330839840262,0.01328687117848981,0.009795632338923145,1.868484951329827,1.8292931409018154,1.6722275351382738,1.8563745190123602,1.776175613973681,1.8312493235814096,0.05735059394705033,0.05207009776466908,0.08814553592377278,0.03442105014801841,0.04191741869164676,0.032849399195916416
19,0.5674044750680814,0.6057323707663999,0.7015041050171107,0.5795659423858142,0.6373325569211999,0.5960715307528707,0.01872118624622181,0.0102716330168135,0.003787214255285607,0.009372120579883684,0.008003728036493005,0.008527268835340475,1.7624111968450944,1.6508941048251309,1.4255084080735474,1.7254291994513111,1.5690395683389518,1.6776510006054908,0.05814974979639486,0.027994836024578557,0.007695900459419191,0.0279017956830613,0.019704259333850487,0.024000107966860935
20,0.6310996480048824,0.6136501544151121,0.5966438934837393,0.6251921373220239,0.6081497438709249,0.6212151152194015,0.017761585649965793,0.01633203250863615,0.00525265299874826,0.006529348418207796,0.012300672971579853,0.006154134227517478,1.5845358227679818,1.6295930063818354,1.6760416236913245,1.5995082796201578,1.6443318608257809,1.6097483391833096,0.04459496819639297,0.04337091054990669,0.014755309082785528,0.016704859565546303,0.033258895001787886,0.01594714473159365
21,0.6612195525350999,0.7039618801238543,0.6870198029305271,0.6761474990685804,0.6982052431611668,0.6778033851024831,0.03118216060782376,0.04886037611447038,0.027340477600544717,0.006233135570512724,0.03528353305496804,0.006602640759885015,1.5123569715475351,1.420531463754914,1.4555621187838192,1.4789672392156135,1.4322436128844278,1.475354095271745,0.07132057393395644,0.09859582395184911,0.05792520584568164,0.013634012281457563,0.07237787935990857,0.0143717681245154
22,0.7117658455110558,0.8120512699006494,0.7582405343093749,0.7482022308898376,0.7927833333955077,0.7498909074866443,0.007501490081798899,0.022153847987500194,0.03558670106339169,0.010286640899241662,0.0028393857358486136,0.0031071601391081953,1.404956428166329,1.2314493395501311,1.318842708548714,1.3365370466895015,1.2613786868058627,1.333527303793599,0.01480721051412914,0.033595589938599395,0.06189758934676966,0.018375348375367462,0.004517679042873176,0.005525447556961733
23,0.8128305970407059,0.7467052518944467,0.8803416944533176,0.786416358438974,0.7935567942839582,0.8030691582335167,0.018799127124502858,0.02759679717109529,0.030482290306216787,0.0038915858229757096,0.022863642779894815,0.005847809434584472,1.230268648400696,1.3392165080705214,1.1359225699527828,1.2715910462302522,1.2601492510719658,1.2452227678618182,0.02845362465780402,0.04949487933510481,0.0393319114167217,0.006292475525248761,0.03630691909311756,0.009067494842012497
24,0.8683924451103371,0.7860665901898026,1.0251185639740747,0.8341057793869857,0.870778842148491,0.8696486295774151,0.007495534484639979,0.013400290729577801,0.02110969929947298,0.006581189737115816,0.004159552826195322,0.003049952972819424,1.1515530859701815,1.2721568534779493,0.9754969182523652,1.1988887077786896,1.1483972182106297,1.1498896979644826,0.009939637217463783,0.021686803513825993,0.02008786820915555,0.009459368649112924,0.005485685530457911,0.004032789086812451
25,1.0157011267509193,0.8222577072615377,1.1565276296379636,0.9264111359567277,0.9409280818995299,0.9728706030677166,0.03777436283502054,0.022004501930167383,0.025330786056403903,0.020662441056396644,0.008753002971565957,0.013464768476329794,0.9845415877393531,1.2161637296540746,0.8646572501800388,1.079434347437194,1.0627804815658353,1.0278859252676946,0.03661552614438888,0.03254585137997458,0.018938110301165354,0.024075432291881253,0.00988653744342318,0.014226194069556225
26,0.9735470716591111,0.9674187941231999,1.117265653857913,0.9708590603626209,1.0243877922205762,1.001919203370103,0.019285531664387352,0.022419320565889567,0.028176225181959013,0.01388843269401194,0.00633576713159607,0.006711348848866421,1.0271716993568765,1.0336784917501314,0.8950422816158401,1.030015623098264,0.9761928125210175,0.9980844729159323,0.020347811533088303,0.023954847279574552,0.022571993318779196,0.014734685227985517,0.006037684539625222,0.006685661933461723
27,0.9877193794516622,1.1301098503591225,0.9419632335834542,1.0486192680575634,1.052025536627434,1.0238290487977524,0.06111995390741414,0.09022747701320684,0.046728381924115894,0.019071526689890327,0.040544111380009386,0.0077607482042734354,1.0124333093020361,0.8848697316302688,1.0616125601800401,0.9536349659608825,0.9505472682780908,0.9767255589927498,0.0626492488516568,0.07064761301300174,0.05266387837539347,0.01734402109492541,0.03663323082496511,0.0074036980459990165
28,1.0711875511854643,0.9629823694101906,1.5710164095208385,1.0204764699829212,1.1758551119522538,1.1319835730300791,0.035434480250575114,0.030218871655842028,0.06688209080927854,0.014796709535162388,0.02598739915802847,0.0155581210235135,0.933543335985671,1.0384406109246653,0.6365305886938514,0.9799344026195294,0.8504449143736048,0.8834050456432091,0.030881261517118674,0.03258678927109189,0.027098696345820055,0.014208857475485661,0.018795556720460665,0.012141627264174358
29,1.0927450875599247,1.2277789550518778,1.1958767214640453,1.1532675729903394,1.2142626966825703,1.1638164457653848,0.020700909705710476,0.009596584304180965,0.008945201763724134,0.009028336989895126,0.006786023365907282,0.0075097390822409125,0.9151265115572174,0.8144788570331429,0.8362065939169345,0.8671014631991015,0.8235450226150015,0.8592420253542209,0.017336112054595634,0.006366141872142816,0.006254856010229985,0.006788090116757504,0.004602460226778258,0.005544416769830759
300,8.88178419700125e-16,0.0,0.2704072989879193,4.4408920985006257e-16,0.10935608165450325,0.029608404678530712,1.0923114264117684e-14,1.7276696557894078e-15,0.670172990276558,4.990273180161871e-15,0.16298705071826985,0.7958955236238717,1125899906842624.2,inf,3.6981250274781816,2251799813685248.5,9.144438835687016,33.774193876953724,1.3846692353270322e16,inf,9.165372078925854,2.530369116854013e16,13.629101315197508,907.8749771399766
301,4.4408920985006257e-16,0.11393763986093772,8.88178419700125e-16,0.014375425079066785,8.88178419700125e-16,4.4408920985006257e-16,5.374434262822772e-15,0.3111705591262015,2.162738750055395e-15,1.0054201597529249,3.32852158814254e-15,2.6483793783740085e-15,2251799813685248.5,8.776730861026367,1125899906842624.2,69.5631603587278,1125899906842624.2,2251799813685248.5,2.7251619276617804e16,23.969780773579785,2741597074644573.0,4865.261612516489,4219402389081512.0,1.342887883451151e16
302,0.0,1.7763568394002497e-15,0.27965606625619754,8.88178419700125e-16,0.1055889204949319,0.04146079984879494,8.069417349296924e-15,1.8198640356072346e-14,0.3566787599144988,5.338348912723394e-15,0.6620860004779261,0.34476211254227607,inf,562949953421312.2,3.575820876647401,1125899906842624.2,9.470690630348837,24.11916807314235,inf,5767379342678202.0,4.5606711595182725,6767161203441529.0,59.385129157679,200.5599353602548
303,0.054773155401361025,2.664535259100374e-15,6.217248937900867e-15,0.046268524767557835,2.220446049250312e-15,6.217248937900867e-15,0.2262370495394267,1.0959204676641838e-13,4.1616777872923637e-14,0.3801923724812555,5.494880780105227e-15,1.1535564321456752e-12,18.25711870481633,375299968947541.56,160842843834660.8,21.612964861615197,450359962737049.8,160842843834660.8,75.40987256626248,1.5436047095965624e16,1076643539799524.6,177.59555612313525,1114494227053273.4,2.984298986952254e16
304,0.054265853624758324,0.10365126390735578,7.105427357600989e-15,0.06471748822340395,0.03677184517780853,0.0511473678475426,0.39893624318510174,0.6501333019309569,4.2663653391592526e-14,0.33161739355994563,0.5168068650756552,0.2747305619365824,18.427794519088863,9.647735708209085,140737488355328.25,15.451773971017117,27.194719089144073,19.551348233221848,135.47220995484818,60.51363037638798,845040716090337.4,79.17607977086283,382.20593639275233,105.01719077199621
305,0.09391187191601522,0.17185863215745187,0.16017825122447343,0.11073524098189022,0.16873542969174082,0.11425373088417827,0.1842890925922097,0.21892362745455976,0.4803500788749828,0.11167057782936296,0.17894805738277172,0.1072796174624076,10.648280985116488,5.818735942712666,6.243044810113467,9.030548821973857,5.926437629766782,8.752449414660461,20.895782400854777,7.4122478678394925,18.721936617696485,9.10682630140315,6.28513231029413,8.218194870289997
306,0.10667869483579542,0.12038435664755412,0.08768810756156051,0.10918891668487725,0.11257395650411262,0.10802411698063975,0.032459181671086385,0.010543966156533071,0.012050031454996049,0.025143963379521666,0.006796256478599805,0.02355482733764869,9.37394295589428,8.306727118438417,11.404054983145356,9.158438698371121,8.88304925094702,9.257192078498743,2.8522144730784302,0.7275517521333172,1.5671363550060908,2.1090002010921265,0.5362828392663299,2.018545183568283
307,0.13648603753171065,0.15189273435298759,0.2763737707467833,0.13946328752482437,0.19236406290466657,0.1514796450152297,0.04969859277779314,0.1931306939322721,0.22769316854055302,0.05344775515343067,0.04466124727084785,0.025896132580552466,7.326756773693161,6.5835933776534254,3.618288368313399,7.170345814643159,5.19847618572908,6.601547025671075,2.6678882899880025,8.370999198942975,2.9809614025548554,2.7479553527537326,1.2069324532697225,1.1285644153466445
308,0.17182044511271513,0.16281014779720482,1.3322676295501875e-15,0.17003478067814212,0.1229563051997154,0.16052812126526597,0.03372222981203312,0.06420236722783483,2.015850177667049e-15,0.01759977289292019,0.05638497797212246,0.016328659528100514,5.820029155110119,6.1421232861086335,750599937895082.9,5.881149703676769,8.132970475777721,6.229438132821239,1.1422643012745421,2.422077862521001,1135730527862141.8,0.6087395691702843,3.7295961388868295,0.6336483198113237
309,0.1801782197155749,0.26964779286386675,4.4408920985006257e-16,0.20088792714774517,0.2101282111416992,0.18846260019085137,0.126315185555835,0.2366167162638565,3.96031394540938e-15,0.07645209236915176,0.19072338620885426,0.06970987565012103,5.550060387868059,3.7085413879313887,2251799813685248.5,4.977899937533525,4.758999253677811,5.306092556227734,3.8909081732870674,3.254255768316051,2.0081177399961716e16,1.894443689235804,4.319517344649978,1.9626549347620843
310,0.22007370844637225,0.23482944709337744,0.20751001979085762,0.2234747392548409,0.22731131390698373,0.22219103558740042,0.04160109361809114,0.1241296799210976,0.16646832713404652,0.01812527145310856,0.0863169096771513,0.015236639052916664,4.5439321537296715,4.258409719809801,4.819044405700826,4.474778685655578,4.399253089572137,4.500631617996321,0.8589510680583009,2.2509742369860937,3.8659254209036784,0.36293398815694,1.67052807470425,0.3086285605189503
311,0.2505469222296813,0.20394579056273718,0.29140433844677466,0.23977711938376767,0.23101164975757033,0.24459596797652372,0.09609378618718906,0.27875032656785187,0.21254946645781295,0.03203500393415453,0.2034060216595172,0.03579466581525451,3.9912683464667764,4.903263741020353,3.431657899570535,4.170539718593757,4.328786020312942,4.08837483411002,1.530795444174241,6.701714045121631,2.5030411678399958,0.5571976869021613,3.811501038719088,0.5983009945957517
312,0.29340405078983217,0.28158711039876966,0.36417443595701127,0.2902607424245423,0.3075173510096833,0.2982973350447607,0.059221554378979996,0.04806091215305913,0.14579580812168308,0.055373973434820256,0.019821165680430325,0.04454638886378778,3.408269235915589,3.551298916288639,2.7459368403279254,3.4451782616106454,3.251849031336483,3.352359818601618,0.6879352938366946,0.6061309589181683,1.0993250518385358,0.6572477143933527,0.20959935498351015,0.5006264104516935
313,0.33592465420907375,0.2819273349672669,0.42185720852444275,0.32054904947843404,0.32706747773931555,0.3326247468979864,0.07500616022651097,0.19063471986364355,0.42682664903793405,0.08057523194048033,0.09087123909406121,0.059173119433189945,2.976858017029072,3.547013276013497,2.370470338761698,3.119647372616147,3.0574730539153014,3.006390863355374,0.6646808639948438,2.3984332072800454,2.398394269180417,0.7841742504931919,0.8494771990978337,0.5348294956380334
314,0.3648242794510533,0.3947522125010151,0.4061613638824973,0.3741417389682686,0.39846609577109804,0.3783239261209327,0.016793520134493565,0.03951586470589108,0.09548287390573416,0.019252142275256873,0.014835969026622254,0.011847089635362233,2.741045638477483,2.533234693389916,2.462075640186447,2.672783856614328,2.5096238064240675,2.643237529947673,0.1261752786536052,0.2535842896941533,0.5787996564988707,0.13753294465473398,0.09344007295910547,0.08277211612260994
315,0.40570671744422865,0.3753699241464686,0.44265515703845015,0.3956906723024646,0.3974119110575655,0.40219480043776146,0.09837358428531072,0.07089374195840092,0.22204954351220457,0.05904380074580934,0.09121178828241464,0.06935993347541816,2.464834711881415,2.6640386873664443,2.2590948825501598,2.5272266191698436,2.516280896913402,2.486357354474918,0.597659873137196,0.5031401268996171,1.1332319966114106,0.3771053385552354,0.5775229026668609,0.4287812286851871
316,0.4490577310523438,0.5052429354107897,0.3850082185749043,0.46892969404690676,0.4640998480953167,0.45590511800745354,0.016143843084108045,0.01383191025649109,0.11434603171415778,0.0053333345411308445,0.04504047492083061,0.02090147855467174,2.2268851660933464,1.9792458833431212,2.597347151968517,2.1325158391440455,2.154708742319218,2.1934388549322037,0.08005760106499168,0.05418532257491678,0.7714025973549135,0.024253999115009958,0.20911255512885082,0.10056065039962911
317,0.5382589473268288,0.5078561811734038,0.3129609094618406,0.526145891437066,0.44335588628145045,0.4907143140248109,0.12315622782900272,0.08110106227860307,0.07209332129374672,0.061052078836918475,0.044328660603271695,0.04607158508192741,1.8578418528225669,1.969061393895996,3.195287238011846,1.9006135299635105,2.255524356262142,2.0378455883996063,0.42508312334201326,0.3144452635543017,0.7360627557988494,0.22054036524530313,0.2255171900609107,0.19132675311573627
318,0.5560459109168706,0.5340787063049,0.5324082346323138,0.5471303252009155,0.5334758245706638,0.5443855165739807,0.17462367075010174,0.20241119500832597,0.3710030629426976,0.09764180893025967,0.14457186790069365,0.0873756060207617,1.798412649687664,1.8723832053118974,1.878257951232872,1.8277181028720773,1.8744991880462256,1.8369335141268446,0.5647832530483742,0.709616986460304,1.3088442431494611,0.3261776830108583,0.5079889969002335,0.29483366865964095
319,0.6027891455938936,0.5654785752010713,0.5977860765330059,0.5868789936547135,0.5774142692300217,0.5890584244445091,0.1690807751649162,0.2469139335835748,0.15094584546396367,0.06049296190931674,0.11216924524690004,0.025641773925642847,1.6589548888023808,1.7684135948818624,1.672839230046514,1.7039287669381868,1.7318588287287977,1.6976244774752436,0.46533249746223604,0.7721706463585992,0.42240550895587015,0.17563364698519895,0.3364331434893976,0.07389776846516932
320,0.7165096253895776,0.659823903078511,0.655252110652926,0.6899233991300922,0.6580292437052927,0.6818622148813868,0.09646804191218587,0.21724092803617,0.3836366908014496,0.09297146884384652,0.09630102823462923,0.05070861363688937,1.3956546633358682,1.5155558859482727,1.5261301470720177,1.4494362725787762,1.5196892988662727,1.4665719527719465,0.18790546251827173,0.49898278255449463,0.893517944980959,0.1953205521469624,0.222402945580225,0.10906577443471867
321,0.6193942203357791,1.0151156531877616,0.5690617423225095,0.7655310738979157,0.7956952192207215,0.7147651518210084,0.13126531864823604,0.21425658758838637,0.21667823889976587,0.09140729096371863,0.07109521832921241,0.046540864405920646,1.614480676713275,0.9851094275412914,1.7572785615822701,1.3062827024228032,1.2567626094063604,1.39906093274455,0.3421493348215313,0.20792328803455645,0.6691084563617812,0.15597507029108063,0.11229150300945913,0.09109776127248956
322,0.7230015232298211,0.7060381202061164,0.9743409021007142,0.7151017035733981,0.8085051975046063,0.7732041552132674,0.07436282027350505,0.0934115842522725,0.12758578671881313,0.020670095498038325,0.07406833749924448,0.026869887268613238,1.3831229504645581,1.416354119389568,1.0263348257719282,1.3984024859722068,1.2368504285271495,1.2933194852324315,0.14225823885140282,0.18738914850063318,0.1343941693309844,0.04042098177825539,0.1133096673453508,0.04494459650299101
323,0.7825903305990667,0.8844504620274104,0.6186884323625066,0.8296854507870695,0.7633960479590722,0.7707898802452635,0.20532864230014602,0.2515750817130767,0.31130681756225026,0.147140839809395,0.08515392417448989,0.07369845561983521,1.27780776339839,1.13064557364549,1.616322445502056,1.2052760465443428,1.3099360452198894,1.297370432110243,0.33525910418332805,0.321603373835512,0.8132885154200786,0.21375007784268832,0.14611838110283995,0.12404703235457497
324,0.8198767615482863,1.046656390242152,0.64310860366191,0.9214434289464594,0.8451161640082467,0.835605287430738,0.2741515309543435,0.1829709012663432,0.20082988780729183,0.14216532143508012,0.09550797739191998,0.1012272084875,1.2196955041286477,0.9554233933150137,1.5549473204151256,1.0852538187215237,1.1832692860318335,1.1967372813960184,0.40784347774846075,0.16702203416094485,0.48557878735733423,0.16743888244294852,0.1337232217673911,0.1449755956680444
325,1.029460079564395,0.7286286079120564,1.233144926614036,0.8552102593609604,0.909074587218174,0.946751211822527,0.14030139773409658,0.055899037733280525,0.05765935573437492,0.05565664970224007,0.025902676488983336,0.035950092384584735,0.9713829801182182,1.3724413084267717,0.810934690982183,1.16930309132076,1.1000197498205988,1.0562436968788953,0.13238627951786758,0.1052911560888379,0.03791766143260624,0.07609765181958339,0.03134336402284343,0.04010774743064142
326,1.15093945723236,1.0194486866454195,0.8880966506750152,1.076198287838743,0.9569780469196864,1.0122071271840525,0.4544395205556521,0.09979744166416306,0.15096785590231593,0.16665607341061991,0.09979041128122036,0.1441268127300888,0.8688554325912843,0.9809223486182349,1.126003570940089,0.9291967951447248,1.0449560501610171,0.9879400896751117,0.34306083064388626,0.09602596201818547,0.19140973531875394,0.14389196772979404,0.10896445780758728,0.14067146186697518
327,1.2059022523102718,0.8879643964323668,1.1038999472534679,1.0127683852889986,0.9776876182071806,1.0400866824049593,1.3226777799593585,0.55679733531556,0.21565478781567576,0.2946895757077623,0.31318037623128,0.20215280715149117,0.8292546083931732,1.1261712789586678,0.9058791990053323,0.9873925909670304,1.0228215857266705,0.9614583254616162,0.9095568420651227,0.7061647626328704,0.17697001157956668,0.2873058716243707,0.3276380339384361,0.18687048179659588
328,1.1791081857669785,1.183853687023396,0.9356438604419438,1.1816990461179955,1.0564273438512477,1.0916512507477047,0.28693233399862966,0.23542664355617643,0.08143353652396786,0.08601571030841358,0.0807166187829076,0.03028592442546082,0.8480985986451502,0.8446989783968443,1.0687827305655146,0.8462391530949477,0.9465866307042569,0.9160434702154832,0.2063821736696106,0.1679807627235697,0.09302124580241757,0.06159763104097829,0.07232420919456135,0.02541399855529028
329,2.0274237017378103,1.1196508580041098,0.9376668780435743,1.3607565156005372,1.0292367205453887,1.1853806762328498,1.0235907224701808,0.27381607650108436,0.3981033522966204,0.15671029115819698,0.2491353769227684,0.1818358678572672,0.49323681041256845,0.8931355635118259,1.0664768303285732,0.7348853292528047,0.9715937840520339,0.8436108501262302,0.249021762291886,0.21842065679325864,0.45279193628587255,0.08463240307489511,0.23518242088890542,0.12940881705108648
600,3.9968028886505596e-15,1.3322676295501875e-15,0.16348027854412517,8.88178419700125e-16,0.07319287100934826,0.03249784374579007,2.0183892414051378e-11,1.2930286991080436e-13,1.4636027237921343,1.5597347084175294e-13,0.6067498489547023,0.6510885512331958,250199979298361.12,750599937895082.9,6.116945780283148,1125899906842624.2,13.662532787821357,30.771272328784736,1.2635122633883597e18,7.28492714016284e16,54.763660699873114,1.9771986393222845e17,113.25884052683907,616.4969982891862
601,0.03918582424720177,0.059486872496325824,6.217248937900867e-15,0.04310694165283933,3.9968028886505596e-15,0.025188581631075423,2.4076057496895995,4.1818568565688645,7.553591932688463e-14,1.4232632094212179,1.90650636261899e-13,1.923954510201916,25.519432580811653,16.81043157987108,160842843834660.8,23.19811987715285,250199979298361.12,39.70052838411073,1567.932633566223,1181.7534796186776,1954145989255443.0,765.9330326608772,1.1934735481051386e16,3032.406181528527
602,0.016977178056031536,0.06691826767351573,1.953992523340266e-14,0.030644323864239497,0.05386769234437334,0.028500533061309508,2.2133117524078636,0.5703462861378195,2.4353964714668e-12,1.069032116345136,0.7772308346012186,1.185618071808479,58.90260423137441,14.943602618030269,51177268492846.8,32.632470679731775,18.564002957599378,35.087063033130974,7679.122275943453,127.36474734067454,6378578096794692.0,1138.3889345012965,267.8510046436315,1459.6167702995212
603,0.052952565421173554,5.773159728050805e-15,0.23215225201921838,0.04654492076499259,0.10994373277909271,0.06896744354081831,0.6605875748750392,3.2078696489648315e-13,1.0457369097983558,0.4834447776187093,0.7918889628772378,0.44998294054621696,18.88482629776689,173215370283480.88,4.307517981420299,21.48462138434063,9.095561654335276,14.499595006854952,235.589749179365,9624752392814676.0,19.403346310930523,223.15277019843427,65.51237349481025,94.60362836346509
604,0.07806558846921804,3.9968028886505596e-15,6.217248937900867e-15,0.06765363796328396,8.88178419700125e-16,0.05775872169230258,0.37713276621813935,1.4923795164282566e-13,6.030761597706835e-14,0.26721349425114194,1.0610881095425412e-14,0.30031862192054615,12.809741393217177,250199979298361.12,160842843834660.8,14.781171125530694,1125899906842624.2,17.31340255982965,61.88351744850924,9342300196388138.0,1560183379421724.2,58.381611166581806,1.3450889789566402e16,90.02168062553628
605,0.08380644588539116,0.16953130331946853,0.08182607458929457,0.10361712090397114,0.14882720637824146,0.10228325656435855,0.42979962507158226,0.9349695427682286,1.1612278405728766,0.1066202085923356,0.7113304986473473,0.08930409208759803,11.932256396692232,5.898615656340339,12.221043292364309,9.650914745322506,6.7192015783627586,9.776771229128602,61.19433023767315,32.531018609474174,173.43390579555592,9.930622799361116,32.11491450764474,8.53615447427708
606,0.11268998315623549,0.13303712416423738,0.08864037548068145,0.116993897740436,0.12212964371228179,0.11517770258606058,0.012804864435387208,0.038697544388934454,0.16020275618525587,0.01610153636560061,0.011359772089982643,0.010059312660547354,8.873903181027025,7.51669886343512,11.281540658838285,8.547454348590142,8.188020284050305,8.682236036552315,1.0083338737238503,2.1864407379021396,20.389510962256885,1.1763617563411417,0.7616008813887384,0.7582832868114633
607,0.14504678828186182,0.1380293247620845,2.664535259100374e-15,0.14348792396454388,0.08976765494823342,0.13125234221163112,0.15850225323443015,0.14148291430097354,9.368451793051675e-15,0.13387209378983897,0.07999681694780024,0.1189006982162311,6.894327077803008,7.244837296159053,375299968947541.56,6.969227600275977,11.13986992950493,7.6189116563543005,7.533888818299138,7.426108155377522,1319547059852355.8,6.502185446472988,9.927341157422623,6.901925712896199
608,0.16434394173635938,0.1265152111106419,0.30304096081992304,0.1558156797675404,0.18694460430555615,0.17156552052222773,0.4086624147944974,1.0133758988060295,0.3476906969997216,0.2173890559747997,0.4082201643913305,0.1466090367326313,6.084799898521361,7.904187893465756,3.2998839407529235,6.417839343844524,5.3491781895214565,5.828676979827318,15.130640008988607,63.31186140034697,3.7860853670549135,8.9539643150017,11.680692299178967,4.98081849334892
609,0.20041270512006382,0.15086854772527575,0.13459810347417558,0.18768283420890974,0.14640196115625032,0.18297303011600108,0.5043969867978222,0.858852590894545,3.0099204375907482,0.47968471277171415,0.4882774315205955,0.40060206299611706,4.989703618844509,6.6282867773139245,7.429525187863164,5.328137782099454,6.830509592236478,5.465286328624612,12.55804350752909,37.73298913338972,166.1411203229552,13.61779436242744,22.781004115883928,11.965725094695413
610,0.2101912335626809,0.23659979705246498,0.2514787520156512,0.21773661912468384,0.24132910184846465,0.2217016454905866,0.4397292744552598,0.4708472993072109,1.3876954812039464,0.42641140893589335,0.18134473823609096,0.3202616013429088,4.757572345193887,4.226546313470651,3.9764790940976336,4.592704727482537,4.143719063886128,4.510566431688752,9.953049896805762,8.41107195308886,21.942776579541075,8.994268862744335,3.113763086211521,6.515789385232803
611,0.2562403822034398,0.24452707250825328,0.12899398452036798,0.25250298012217415,0.21289978590384206,0.23903414505043769,0.5728423826713553,0.5429921173905253,0.6032433984690673,0.2814962818315146,0.39295779271397624,0.24759841901628726,3.9025854996034886,4.089526733144233,7.752299486819103,3.9603492977237247,4.697045587691,4.183502736770071,8.724488923048186,9.081124462732836,36.253810639056155,4.415090869517138,8.66952805321101,4.3333920488891415
612,0.3191688556940068,0.26417184043416525,0.10104427573589811,0.29889048176476346,0.22118474190056225,0.27490623321001484,0.5732370790081113,0.8581639401838975,2.5660444200198564,0.18564225424199268,0.8300595051822067,0.2332366932402322,3.133137780080644,3.7854148207337484,9.896651667965084,3.3457070767045454,4.521107520380266,3.6376039507116205,5.627211794453012,12.296944641989432,251.32792139396585,2.0780340681495804,16.966759275508853,3.0862258264381723
613,0.32956060515061836,0.34859055933445926,0.247988945946012,0.3367145223242888,0.3139046289771399,0.3220324707952226,0.8922210632555932,0.7642568938917527,0.4332276099931405,0.26646311567227793,0.640969716516111,0.2829807846747219,3.034343256964746,2.868695015462362,4.032437801553071,2.9698748753013477,3.185680960674285,3.1052769229469734,8.214892571198588,6.2893841595304805,7.044521216655964,2.350246454970114,6.504921666583234,2.7287114809196327
614,0.36568087594880927,0.4471196888616449,0.22364278297901152,0.3974185634704616,0.36273274221041013,0.3641665035946836,0.6141145711194205,0.8042240984826408,0.6288725971912209,0.07493980427680563,0.641612926671804,0.11799375591728038,2.7346248211787465,2.2365376093054055,4.471416366222952,2.516238776738283,2.756850660644058,2.7459966529843105,4.592454950982449,4.022809747308481,12.573404721107659,0.47447819194910623,4.876402968185558,0.8897316354568469
615,0.40544305627473715,0.42282300797686384,0.401523732870119,0.4127882186817758,0.41457501190637647,0.4104141995191853,0.7137752946706545,0.8266068423125447,1.1619327852828192,0.4223873205423446,0.42388201291933514,0.28668136286960155,2.4664376033175373,2.3650557825243,2.490512809422078,2.4225497597617096,2.4121087168317565,2.4365628703186566,4.342119564878715,4.623616159488674,7.207067100988511,2.47888446325812,2.4662593472995415,1.7019809870096072
616,0.42543413137261454,0.482804663393094,0.49643112768963005,0.4498331853430482,0.4883494626812,0.4603506947135839,0.5159587903724281,0.9660203868376659,2.0107634358165187,0.4522865581757001,0.6033003779484154,0.36530680450835407,2.350540133612727,2.0712310294853373,2.0143781165656525,2.2230463037923447,2.047713935241516,2.172256958626226,2.850692397781453,4.144225505760147,8.159113393130141,2.235170712540205,2.5297183379270307,1.7237733259433852
617,0.46785514471603634,0.4696385504592391,0.7030422715114399,0.4686700177884019,0.5570143447376257,0.5192681833432632,0.5166216010620307,0.5787205886007482,0.4110557949394094,0.1161931487377041,0.37086428713601277,0.10882701072151243,2.137413708695985,2.1292970924600283,1.4223895781545874,2.133697403386035,1.7952859014268958,1.9257871598478973,2.3602050865309288,2.6238648114584033,0.8316448419308897,0.5289884360915521,1.1953146850313878,0.4036019664112107
618,0.6040340277599764,0.4797169184107017,0.4961906616999688,0.537165033887228,0.4863999993645375,0.5261978105938986,0.7051695541093451,0.4170025185075274,0.5688752832230478,0.3089558839755409,0.2680193690192655,0.24193971913217277,1.65553587056749,2.084562711094268,2.0153543328968757,1.8616252676825185,2.055921055317559,1.9004259992479628,1.9327280219451541,1.8120434513609953,2.31057405029269,1.07073253827762,1.132867320558243,0.8737940812991711
619,0.5606727612623194,0.694775903947461,0.5726970629625093,0.622077094521587,0.6355529008286867,0.6072402818598579,0.5327635518849735,0.5700583782073181,1.4893680984464637,0.35999955191297983,0.5995922592274723,0.44196347992193785,1.7835715752421486,1.4393130134743706,1.7461238491901667,1.6075177961166653,1.5734331456848312,1.6467945718903827,1.694788820002098,1.1809454495070302,4.541006624807195,0.9302796894317388,1.4844056778506547,1.1985750640258122
620,0.5784291457001863,0.5871491326229252,0.924150826729795,0.5827670903653392,0.7149838860669282,0.6628754897417806,0.6724351980978369,0.5464427669426024,1.0983142014922829,0.546339794236904,0.19774458797721453,0.32201984735604344,1.7288202149452614,1.7031448135378802,1.0820744526503376,1.71595139213008,1.398632919548612,1.5085789344685898,2.009787322015104,1.5850677667802515,1.2859997567965584,1.6086916128176676,0.38682283027231695,0.7328561181095347
621,0.9686984303116195,0.5892804731417867,1.2346272418534163,0.7151432574576512,0.7972570659904197,0.8388517229548602,1.647466587032598,1.0831091623249154,2.0123410528413013,0.27157831853828196,0.946592486344449,0.42704693885834116,1.0323130178690505,1.69698479005835,0.8099610684912516,1.398321230846838,1.25430057964769,1.1921057949043652,1.7556559927024442,3.119091601048142,1.320170051392456,0.5310177012642158,1.4892455080809004,0.6068833341796608
622,0.8302026935399166,0.41541990361982534,1.2748432206370193,0.5592288686160537,0.6392060014867799,0.6893641627273939,0.07731181776095626,0.3157268591756443,1.0185182339534802,0.18780481024184328,0.10554870003053672,0.08473958270428837,1.2045251211316619,2.407202907916414,0.784410179865345,1.7881766413002613,1.5644408808334416,1.4506121061524426,0.11217022948498463,1.8295190165237338,0.6266935872258607,0.6005200976648073,0.258327833065586,0.17831542628327304
623,0.6861031106402227,2.1600126166634204,0.5874281148588071,1.0331788411570662,0.9038914053968006,0.8248018944227015,1.7247297372590484,4.914961791866007,0.521789036931165,0.3810922135059567,0.9097518092587468,0.3234230973789707,1.4575068739549528,0.4629602587899249,1.702335953464464,0.9678866428198347,1.1063275898292324,1.212412346239728,3.663888719909574,1.0534345797571074,1.5121173386551636,0.35700892085824865,1.113500494053459,0.4754137435581589
624,1.09791316447232,0.6140301532180873,1.1814130123695996,0.7588140143110614,0.8071779177390912,0.8690422072642516,1.1429173620493491,0.6938145974353496,0.7867253220291843,0.34699418189301684,0.2838477273744649,0.1518002475942836,0.9108188446584671,1.6285845161822639,0.846444037377129,1.3178459822041042,1.2388842385592067,1.1506920971629262,0.9481539204807814,1.8401958023763656,0.5636631312783231,0.6026310529742761,0.4356591872335419,0.2009975393531188
625,0.9287067561513868,0.869694121441206,1.0184994391043227,0.8943168738480431,0.9389269397802644,0.9361023618834167,2.8229009527352042,1.8728614958085172,2.1387011187635316,1.409684741773685,0.8054245809883708,0.7967718687746536,1.076766151830376,1.149829549661505,0.9818365740872756,1.1181719021997496,1.0650455936795555,1.0682592424914117,3.2729429130797745,2.476125153905,2.0617144190968233,1.7625406780358641,0.9136109154814744,0.9092583756152111
626,0.0,0.5756295990864262,3.2380151096372853,0.9510247085622456,0.9304768778566159,1.2392892141707486,2.1763055990220172e-15,0.6337637711727246,13.67934206394319,0.5337581715745173,0.4044255134058195,0.42296970149726076,inf,1.7372282481427053,0.3088311716099489,1.0514973911790315,1.0747177321628163,0.8069141476948419,inf,1.9126749695951641,1.3046904024280672,0.5901479949764741,0.4671188300750686,0.2753999891887865
627,1.648079117402074,0.6291263253637824,1.3820356908525255,0.9040963670979543,0.8631933507647925,1.0363193370743877,6.048189129673295,0.913854957433548,0.5215050406999195,0.20119177058769458,0.4471208345499756,0.05471719475232,0.6067669867550629,1.5895058904453978,0.7235703148759768,1.106076781626593,1.158488997991002,0.9649535275710284,2.2267386649018976,2.308881029598344,0.2730360503757176,0.24613918847578187,0.6000794226922225,0.05094911211837414
628,0.7576704572404752,1.0214051826551413e-14,1.05518252553581,1.6843327148198035,2.0444688061415777,1.334726064460716,0.8348984107883628,1.6680157701590995e-14,0.6633963864037848,0.5010549945602846,1.451616922559031,0.32141726775551754,1.3198350159277918,97904339725445.83,0.9477033364367089,0.593706926904275,0.4891246063505607,0.7492174061979084,1.4543633670425777,159883644025130.12,0.5958239011356586,0.17661583036000716,0.3472890139901357,0.18042010122302152
629,8.88178419700125e-16,0.804009971365014,1.4125418121113702,1.3544798482107239,1.0254676795087714,1.3777291880916214,1.0184826683430522e-14,0.9068023380971696,0.8809686797057791,0.4511578407853814,0.7724312120006089,0.5452588316827728,1125899906842624.2,1.2437656691026386,0.7079436455797856,0.7382907920859849,0.9751648150227697,0.7258320493196216,1.2910801658471194e16,1.4027806332705655,0.44152758764732886,0.24591409024597166,0.7345406930125921,0.28725989013713954
900,4.4408920985006257e-16,0.03305668704795397,1.7763568394002497e-15,5.329070518200744e-15,0.0,0.0,1.192820284084748e-12,33.06000916952495,1.7665937220563772e-13,3.906589439101036e-10,5.1213854505624705e-14,2.8380958111877647e-14,2251799813685248.5,30.251065345699686,562949953421312.2,187649984473770.9,inf,inf,6.048317396337753e18,30254.10550869559,5.598558980310476e16,1.3756084575893619e19,inf,inf
901,0.04703583034208951,0.07098422598477686,0.09299526211812474,0.051931417913375355,0.0775203225983112,0.05522569336352037,6.018693008455442,12.851996059964952,6.6707559940388395,2.325159533351987,8.417272407938551,1.9987869636120494,21.260387936750437,14.08763688167084,10.753235995289488,19.25616592383552,12.899843118322954,18.10751371499403,2720.473887700604,2550.6265819715936,771.3534199169808,862.1689831057361,1400.6842323042817,655.3663730162233
902,0.039386766383637875,8.88178419700125e-16,0.11694562684061162,0.02984509602797859,0.039612458643412965,0.039435780615653365,9.60917033055472,3.1647586108558554e-13,2.22763102431814,8.074188326099383,9.494545695213406,5.6194212823522856,25.38923836142644,1125899906842624.2,8.550982426755702,33.50634218306887,25.244582998543237,25.357682398787535,6194.200194087295,4.0118081526288845e17,162.88282218711652,9064.689108428693,6050.769254034497,3613.3556358794494
903,0.05962660270783075,0.08398472693691306,0.19612851424337857,0.06471879308470542,0.12227757037167004,0.0784420877845905,4.993372802586816,2.413620043860615,4.050784326126205,3.392271605484036,2.4510140624225043,3.0679564686610656,16.77103766753208,11.906926848153851,5.09869767717246,15.451462432112685,8.178114734864618,12.74825834246146,1404.4745056255842,342.19075717271784,105.30709781810103,809.8970140412923,163.9276455880737,498.5984278404199
904,0.08236999466827388,8.88178419700125e-16,0.16735294628106384,0.06941205109853123,0.06914372167932294,0.07903564846942947,1.4297189495468605,9.172526952619951e-14,4.415435109882112,1.4021465219328955,2.160393739915532,1.1970186889596097,12.14034314348652,1125899906842624.2,5.975395248318679,14.406720218949994,14.46262908204209,12.652518444089115,210.72331880251303,1.1627559297098298e17,157.6546488194956,291.0205407816929,451.88445997270765,191.62620074963957
905,0.10374343468128096,0.034181685660561754,0.16255778896150958,0.09157675388285272,0.08527309186416894,0.0985182376169585,0.22651577984126375,1.9726077919423968,2.7622043338170243,0.12575704245217337,1.4890140660364142,0.3413418339661641,9.639164184916233,29.255432570833772,6.151658474124424,10.919801779381972,11.727028751260653,10.150404881256872,21.04637078068756,1688.3162176070302,104.52982785963029,14.99553017238133,204.77398416906502,35.16869466482332
906,0.11639510525889846,0.11893796208537498,0.10663787081019754,0.11703400358335891,0.11544022795244858,0.11609014867472868,0.11409955121201602,0.2165189572602094,0.38173355309158513,0.09657703497383315,0.07161406395317574,0.060906133634454795,8.591426570521955,8.407744528884638,9.377531569247838,8.544525260880592,8.66249155720581,8.61399534254957,8.421985733739454,15.305761477547456,33.5689227284831,7.050984241234671,5.3738305560789,4.519290891166752
907,0.14029679664119182,0.17124649606117204,0.06367770437599445,0.1492246009014676,0.14344376673043932,0.14143481045740805,0.8174155555144479,0.9000775962000959,4.120064989943132,0.6905581808051584,0.3108813386526648,0.49555867191828656,7.127746491300822,5.839535540877775,15.70408371029445,6.701307920805203,6.971372983248607,7.070395164853294,41.52860932850536,30.692803843885674,1016.0831978470638,31.01126073617079,15.10884588908,24.77321973636266
908,0.1602982227979379,0.1519201066423871,0.255954531728914,0.157741099107589,0.18664215578333773,0.1709023179934328,1.770071307359774,3.2731890247146516,1.2412308333370115,0.5617094036308139,1.8030143903156097,0.41035222460405624,6.238372344654991,6.582407175068365,3.9069439140039046,6.339501915844642,5.357846386862586,5.8512957093912945,68.88637752284905,141.82100972555116,18.946409025944252,22.574699051873015,51.75826487895801,14.049500553041959
909,0.1889342372887413,0.16044909001170202,0.25891006893241847,0.17927660898593964,0.1934436279340739,0.19091647715050902,0.9797862996672088,5.728283055601321,6.3588840519608025,1.177314348334736,1.4371675680748612,0.09500739938898896,5.292846941614592,6.23250652233096,3.8623449606396854,5.577972528911612,5.169464668749919,5.237892584890145,27.447957522405556,222.51021494225571,94.8599792764091,36.630696720840334,38.405953432429385,2.606577285505684
910,0.19952818875053133,0.2619906640540094,0.2626912579109752,0.2213259133542535,0.2622540981717298,0.2284801110287347,1.2108616772548708,1.842903749963883,1.7088471765925832,0.19119466614204564,1.5636723484542097,0.35834368040525916,5.011823172766294,3.81692990324972,3.8067502053642577,4.518223758098327,3.8130957989650858,4.376748573420622,30.414873462657358,26.849179750153546,24.763497621357896,3.9031140542588734,22.73532617570111,6.864405767952235
911,0.26983335891396987,0.21808603561361978,0.20656602801844365,0.2474130556287167,0.214073324713465,0.23974591041021662,3.0892527750814103,0.19864930141590062,1.7769941723582177,1.7926578013891388,0.6495273933204355,1.7402808769493774,3.7059910013529014,4.58534631612859,4.841067089263647,4.04182389429223,4.671296628566357,4.171082619465553,42.428938480532175,4.176681188623672,41.64551203380144,29.285468050712737,14.173345168719196,30.277285257594478
912,0.27311286680205465,0.31128862267834045,0.21865449408128065,0.289054772900946,0.27402054185727437,0.27360989354012083,1.2113431782748902,0.9425035184488622,0.6696725762266755,0.4053674101352061,0.647195292995838,0.35349866569555266,3.661489887712888,3.212452775806445,4.573425321998042,3.4595519387693434,3.649361442839776,3.6548385990777956,16.239882249920175,9.726497608545781,14.007018380441988,4.851639692964815,8.619242675158965,4.721980449574474
913,0.32081807948619634,0.38428478952915585,0.25384301279874155,0.3487958095253153,0.32549306137485035,0.3235884010324866,2.465954400628806,1.3569616692698618,0.8402232917369158,1.1672186109096114,0.5288773695257142,0.7258761132430187,3.117031314449429,2.6022367453711817,3.9394426853609956,2.867006921215379,3.072262111444402,3.090345626756891,23.958927436616246,9.188850597393584,13.039600594904933,9.594220299273337,4.9919647968255525,6.932288255606066
914,0.451476883941325,0.3185040788660968,0.326394672670728,0.374816063440113,0.32170433681333777,0.3612413932058536,1.4492147275396055,0.8535752068914775,1.39577374465853,0.9749573463845532,0.2163644350172523,0.5239713579020824,2.214952826089679,3.1396772171963705,3.063775495529657,2.6679753018637022,3.108444262534854,2.7682320431926515,7.109870672341677,8.414179936978252,13.101737725059344,6.939836293702948,2.090605284678553,4.0152494424501235
915,0.3122939558094331,0.8366696876165722,0.272705345826578,0.45629311020455665,0.4576955871884143,0.39327610309516736,1.5671965778830634,2.095051629241599,3.561068268705131,1.5326617944870047,0.9513108135115605,1.168812599983764,3.2021112845687494,1.1952148079473373,3.666961485367917,2.1915737442358028,2.1848582944461326,2.542742851980543,16.069276250223545,2.9928617801572606,47.88428385416292,7.361367665808569,4.541182785407558,7.557006033479562
916,0.48436215740840605,0.479803985187424,0.4458578373322398,0.4819054477119139,0.4635040148448365,0.4699222999143453,3.6124345995783402,3.4328122164237245,6.206003261969537,3.1500933959101096,1.4777404724288503,1.8960414556659215,2.0645708685222837,2.084184439629808,2.242867381189108,2.075095861123791,2.157478615012131,2.12801137588549,15.397832230817393,14.911534765278493,31.219014489258548,13.564374088408652,6.878459227306701,8.5860955897241
917,0.46043155069229946,0.5279853881723465,0.5294033847578602,0.4942836165972516,0.528672092369644,0.505509893261988,4.862431283981206,9.230440666946226,9.544177944928284,3.6254874784138957,3.344901633008124,1.493341263928797,2.171875490496713,1.8939918081096159,1.8889187881890526,2.023129973200816,1.8915316591003384,1.9782006511230337,22.936298162070898,33.11148262824911,34.05376232386649,14.839319246585326,11.967696851657342,5.843859240004664
918,0.8632290106583254,0.357598392291789,0.48557285796371036,0.4792019844623886,0.40835006405326124,0.48124864783027993,15.018604932963159,2.8853183243419296,6.856188307365001,5.642021248898531,1.5329764220558597,3.751157332120048,1.1584411409405353,2.796433153938879,2.0594231815047945,2.086802710389209,2.448879253437731,2.0779279162830315,20.15475571263367,22.563300047706647,29.07862930428631,24.56956693842544,9.193274316450585,16.196688705359087
919,0.5087099163349946,0.7190658745235835,0.3721413671661145,0.6049918717280584,0.5048528633878673,0.5060213346611009,6.054346898569943,3.361841298331582,2.9754976511633457,1.426925490260008,2.9466091821024967,1.9360530502883821,1.965756844695518,1.3906931693324331,2.6871508739140664,1.652914769158248,1.9807751377092262,1.9762012616913334,23.39520711876133,6.501893492118533,21.48541339152924,3.8985419929729517,11.56093315840072,7.561006263191796
920,0.6239681559198916,2.376659477110176,0.5826589716481455,1.029771058781632,0.8581236124701314,0.7792887965578366,13.450486215303101,83.23314210906626,3.345502581378983,6.764320929392788,3.991454339123749,2.035753546393374,1.6026458890770467,0.4207586360734851,1.7162698055971535,0.9710896334406063,1.1653332753791423,1.2832213223352595,34.547222056970675,14.735414848956,9.854452337233408,6.3788566165089735,5.420401549315564,3.3521877502799695
921,0.6484484539627445,0.6149539765816686,0.4194296668433855,0.6288602368568411,0.5054546480320811,0.5392239380609819,4.4026660272132805,2.0325480755721275,5.170821243908286,1.298415376552724,3.0840977014316198,2.3587532605561883,1.5421426235021192,1.6261379519141879,2.3841899585357624,1.590178455229072,1.978416864684822,1.854517074290029,10.470437389616201,5.374716955487543,29.39281853830544,3.2832607894754084,12.071569484233413,8.112303417887254
922,1.621831096433138,1.6544380330372668,0.20712513696363397,1.641668353738866,0.4585666330995415,0.5513138420888426,21.14379715814705,7.416723476928746,2.004383376421334,4.595574954258011,1.7994588335507935,1.4827006483621805,0.6165870183395058,0.6044348473808778,4.827999221434795,0.6091364298535209,2.180708162826424,1.8138488890668065,8.038439313926837,2.7096367668807213,46.721327612293216,1.7051751740146304,8.55730505394736,4.878155994887912
923,0.922586256524508,1.6974834008481094,0.528294863465088,1.2264890384523544,0.7468749061628653,0.7819707863880351,28.704312080502586,26.896651464144668,5.371189987789229,14.742314814174408,4.197825177154592,5.142691915946388,1.0839094913110008,0.5891073806673882,1.8928823071286291,0.8153354564520612,1.3389123021117242,1.2788201521172595,33.72354192963558,9.334415809220479,19.244992142128883,9.80027672594794,7.525383066734053,8.410260552853037
924,0.0,0.8932130040059009,0.5008854945500848,6.661338147750928e-15,0.6362495484312851,0.9529353519154438,1.1807419725019166e-13,10.193203514311458,1.7198142058477657,4.223954520033692e-13,4.19933556258178,2.2522130416609647,inf,1.1195537856202031,1.996464283515017,150119987579016.78,1.5717103492891513,1.0493891301125036,inf,12.776168204968455,6.854955221534127,9519108413613280.0,10.373507030568177,2.480176519704088
925,0.10343638170678714,0.0,8.88178419700125e-16,0.0,0.0,0.0,277.1764753100123,1.2929141106297768e-11,8.322927451262403e-11,1.5744757499999346e-11,5.384470604113315e-12,7.733378303491732e-12,9.667778237203974,inf,1125899906842624.2,inf,inf,inf,25906.558714158986,inf,1.0550563979248797e20,inf,inf,inf
926,0.2959546311685587,0.0,0.9144046777172287,0.6639275663724334,7.993605777301111e-15,0.7409697607417318,3.26586052515345,5.408247542128591e-14,4.76430797338247,3.251829953002065,6.269518825714616e-13,0.9623077557353068,3.3788962722142966,inf,1.093607703863082,1.5061884016411589,125099989649180.69,1.3495827400553722,37.28613372408393,inf,5.698006615927014,7.377112816812221,9811801608097960.0,1.7527219146726605
927,0.0,0.5044488492730975,8.88178419700125e-16,0.0,0.0744721687851869,0.0,1.7496982485185942e-11,60874.34314534519,6.865575197707176e-11,3.7093729088676126e-11,91533.6367471898,5.0309708887166345e-12,inf,1.9823615445668743,1125899906842624.2,inf,13.42783507332081,inf,inf,239221.39395498874,8.70315052028555e19,inf,16504132.992928213,inf
928,0.5759069737678585,0.5724021797103035,4.4408920985006257e-16,0.5739421528336373,1.1990408665951654e-14,1.5780731130309942,13.606284878381732,8.731605354771608,4.9515965466778963e-14,8.16353411267079,8.632213254610287e-13,8.96478205848945,1.7363915450745846,1.7470233962178596,2251799813685248.5,1.742335869674064,83399993099453.88,0.6336842011580229,41.023705387914816,26.64965190916543,2.510757733793706e17,24.78232037425731,6004186728946433.0,3.599859037189039
929,0.0,0.6235751193407376,0.0,4.4408920985006257e-16,1.4972653255627972,0.0,7.251705062957947e-14,15.02383355290825,2.6263228153048356e-13,1.6744910965209907e-13,15.196179702895789,4.676399004903711e-14,inf,1.6036560295369549,inf,2251799813685248.5,0.667884297410091,inf,inf,38.636982965825894,inf,8.49067857432664e17,6.778551290080192,inf
2360,0.09663896384068894,0.09274864189281255,0.12834758169047703,0.09601623273140968,0.10312092941361786,0.09802067470847098,0.00845352743271469,0.006052933846324238,0.007860194213677188,0.0073010183627178794,0.0017643487224428549,0.006271394142460934,10.347793066661165,10.781829033741289,7.7913427493445075,10.414905600361793,9.697352474287754,10.201929368208885,0.9051768466938418,0.7036404690328019,0.47715326139033387,0.791943350317889,0.16591696318466484,0.6527227064277306
2460,0.09463243690317305,0.11582619220931453,0.05300323932721296,0.09891754953682652,0.10227929449850279,0.09652667376601569,0.01727551476704369,0.033670346500490056,0.22581970670911716,0.01108662778549677,0.04153996046667029,0.0141775833660033,10.567201191523683,8.63362578813656,18.86677140290517,10.109429567174072,9.77714995887695,10.359830718129144,1.9290831580008483,2.509770599354532,80.3816679665573,1.1330596366343266,3.97091537206879,1.5216246238836952
